uri,author_handle,created_at,is_repost,is_reply,reply_count,like_count,repost_count,quote_count,account,collected_at
at://did:plc:z72i7hdynmk6r22z27h6tvur/app.bsky.feed.post/3mnslrkd6ok2g,bsky.app,2026-06-08T21:10:01.530Z,False,False,706,10406,2108,1290,bsky.app,2026-06-10T16:23:18+00:00
at://did:plc:z72i7hdynmk6r22z27h6tvur/app.bsky.feed.post/3mni6hmaff22u,bsky.app,2026-06-04T17:45:11.965Z,False,False,637,14609,2117,539,bsky.app,2026-06-10T16:23:18+00:00
at://did:plc:z72i7hdynmk6r22z27h6tvur/app.bsky.feed.post/3mndkh3ugst2b,bsky.app,2026-06-02T21:36:20.000Z,False,False,91,2086,388,70,bsky.app,2026-06-10T16:23:18+00:00
at://did:plc:z72i7hdynmk6r22z27h6tvur/app.bsky.feed.post/3mmwmla3xph26,bsky.app,2026-05-28T18:09:50.000Z,False,False,527,3143,539,305,bsky.app,2026-06-10T16:23:18+00:00
at://did:plc:z72i7hdynmk6r22z27h6tvur/app.bsky.feed.post/3mlvllqtnmk2g,bsky.app,2026-05-15T14:54:22.994Z,False,False,88,2211,182,30,bsky.app,2026-06-10T16:23:18+00:00
at://did:plc:z72i7hdynmk6r22z27h6tvur/app.bsky.feed.post/3mlr7prm6g22c,bsky.app,2026-05-13T21:11:14.161Z,False,False,117,1271,233,17,bsky.app,2026-06-10T16:23:18+00:00
at://did:plc:z72i7hdynmk6r22z27h6tvur/app.bsky.feed.post/3ml7bvrr4yk2l,bsky.app,2026-05-06T18:02:27.843Z,False,False,51,889,79,11,bsky.app,2026-06-10T16:23:18+00:00
at://did:plc:z72i7hdynmk6r22z27h6tvur/app.bsky.feed.post/3ml54ry2iwc2x,bsky.app,2026-05-05T21:25:32.034Z,False,False,182,2496,412,200,bsky.app,2026-06-10T16:23:18+00:00
at://did:plc:z72i7hdynmk6r22z27h6tvur/app.bsky.feed.post/3mk4lzkrnk22d,bsky.app,2026-04-22T23:00:21.312Z,False,False,2128,7248,1087,2103,bsky.app,2026-06-10T16:23:18+00:00
at://did:plc:z72i7hdynmk6r22z27h6tvur/app.bsky.feed.post/3mk3sdiixhs2n,bsky.app,2026-04-22T15:20:37.187Z,False,False,109,1280,153,24,bsky.app,2026-06-10T16:23:18+00:00
at://did:plc:z72i7hdynmk6r22z27h6tvur/app.bsky.feed.post/3mjxj5pui322g,bsky.app,2026-04-20T22:25:40.948Z,False,False,78,716,80,18,bsky.app,2026-06-10T16:23:18+00:00
at://did:plc:z72i7hdynmk6r22z27h6tvur/app.bsky.feed.post/3mjwxhedylc2o,bsky.app,2026-04-20T17:08:57.065Z,False,False,278,5105,474,200,bsky.app,2026-06-10T16:23:18+00:00
at://did:plc:z72i7hdynmk6r22z27h6tvur/app.bsky.feed.post/3mjprnr5ptk2m,bsky.app,2026-04-17T20:36:31.198Z,False,False,252,8169,1080,116,bsky.app,2026-06-10T16:23:18+00:00
at://did:plc:z72i7hdynmk6r22z27h6tvur/app.bsky.feed.post/3mjpdn3rsmk2o,bsky.app,2026-04-17T16:25:36.402Z,False,False,349,10076,1572,188,bsky.app,2026-06-10T16:23:18+00:00
at://did:plc:z72i7hdynmk6r22z27h6tvur/app.bsky.feed.post/3mjnlu7smsk2w,bsky.app,2026-04-16T23:47:25.963Z,False,False,1234,20592,4960,1391,bsky.app,2026-06-10T16:23:18+00:00
at://did:plc:z72i7hdynmk6r22z27h6tvur/app.bsky.feed.post/3mjmlrpvc7c25,bsky.app,2026-04-16T14:13:22.425Z,False,False,858,8213,1749,602,bsky.app,2026-06-10T16:23:18+00:00
at://did:plc:z72i7hdynmk6r22z27h6tvur/app.bsky.feed.post/3mjhun5ptvs2r,bsky.app,2026-04-14T17:08:34.139Z,False,False,177,2344,227,37,bsky.app,2026-06-10T16:23:18+00:00
at://did:plc:z72i7hdynmk6r22z27h6tvur/app.bsky.feed.post/3mj3d77pcnc27,bsky.app,2026-04-09T17:24:35.985Z,False,False,205,5085,620,80,bsky.app,2026-06-10T16:23:18+00:00
at://did:plc:z72i7hdynmk6r22z27h6tvur/app.bsky.feed.post/3mizb7z3cg22p,bsky.app,2026-04-08T21:43:55.633Z,False,False,191,3284,390,80,bsky.app,2026-06-10T16:23:18+00:00
at://did:plc:z72i7hdynmk6r22z27h6tvur/app.bsky.feed.post/3mikijgvrhk2m,bsky.app,2026-04-03T00:44:32.239Z,False,False,73,2940,758,22,bsky.app,2026-06-10T16:23:18+00:00
at://did:plc:z72i7hdynmk6r22z27h6tvur/app.bsky.feed.post/3mijtnu3py22u,bsky.app,2026-04-02T18:31:11.705Z,False,False,165,1742,166,47,bsky.app,2026-06-10T16:23:18+00:00
at://did:plc:z72i7hdynmk6r22z27h6tvur/app.bsky.feed.post/3mijrmgxzfc2n,bsky.app,2026-04-02T17:54:36.914Z,False,False,31,1096,121,8,bsky.app,2026-06-10T16:23:18+00:00
at://did:plc:z72i7hdynmk6r22z27h6tvur/app.bsky.feed.post/3mhgprzgahs2l,bsky.app,2026-03-19T19:18:45.699Z,False,False,3507,2945,359,122,bsky.app,2026-06-10T16:23:18+00:00
at://did:plc:z72i7hdynmk6r22z27h6tvur/app.bsky.feed.post/3mhgg5ja5gc2w,bsky.app,2026-03-19T16:26:13.953Z,False,False,1891,4314,717,236,bsky.app,2026-06-10T16:23:18+00:00
at://did:plc:z72i7hdynmk6r22z27h6tvur/app.bsky.feed.post/3mgnwwvj3u22a,bsky.app,2026-03-09T22:50:12.105Z,False,False,281,2056,694,43,bsky.app,2026-06-10T16:23:18+00:00
at://did:plc:z72i7hdynmk6r22z27h6tvur/app.bsky.feed.post/3mgnknuoxp225,bsky.app,2026-03-09T19:10:24.356Z,False,False,332,1998,146,19,bsky.app,2026-06-10T16:23:18+00:00
at://did:plc:z72i7hdynmk6r22z27h6tvur/app.bsky.feed.post/3mgnkm7zf7s25,bsky.app,2026-03-09T19:09:29.123Z,False,False,322,2347,208,17,bsky.app,2026-06-10T16:23:18+00:00
at://did:plc:z72i7hdynmk6r22z27h6tvur/app.bsky.feed.post/3mggjs262vc2i,bsky.app,2026-03-07T00:06:12.400Z,False,False,238,3649,1979,56,bsky.app,2026-06-10T16:23:18+00:00
at://did:plc:z72i7hdynmk6r22z27h6tvur/app.bsky.feed.post/3mgdqhzxy7s2u,bsky.app,2026-03-05T21:27:53.636Z,False,False,135,2270,336,58,bsky.app,2026-06-10T16:23:18+00:00
at://did:plc:z72i7hdynmk6r22z27h6tvur/app.bsky.feed.post/3mgdqebsaqk2b,bsky.app,2026-03-05T21:25:47.618Z,False,False,82,3198,1594,65,bsky.app,2026-06-10T16:23:18+00:00
at://did:plc:z72i7hdynmk6r22z27h6tvur/app.bsky.feed.post/3mgdifcgakc2e,bsky.app,2026-03-05T19:03:11.893Z,False,False,284,5993,1047,346,bsky.app,2026-06-10T16:23:18+00:00
at://did:plc:z72i7hdynmk6r22z27h6tvur/app.bsky.feed.post/3mg3ybdpo7s2b,bsky.app,2026-03-02T19:26:00.995Z,False,False,55,1241,102,17,bsky.app,2026-06-10T16:23:18+00:00
at://did:plc:z72i7hdynmk6r22z27h6tvur/app.bsky.feed.post/3mfl45k3q6s2l,bsky.app,2026-02-24T02:20:12.880Z,False,False,107,5929,476,38,bsky.app,2026-06-10T16:23:18+00:00
at://did:plc:z72i7hdynmk6r22z27h6tvur/app.bsky.feed.post/3mfkhetnvdk2p,bsky.app,2026-02-23T20:08:29.214Z,False,False,255,6240,1157,413,bsky.app,2026-06-10T16:23:18+00:00
at://did:plc:z72i7hdynmk6r22z27h6tvur/app.bsky.feed.post/3mf32ydgqn223,bsky.app,2026-02-17T17:16:48.572Z,False,False,92,1907,297,18,bsky.app,2026-06-10T16:23:18+00:00
at://did:plc:z72i7hdynmk6r22z27h6tvur/app.bsky.feed.post/3mehkcsk62c2u,bsky.app,2026-02-09T22:57:51.314Z,False,False,173,10762,946,115,bsky.app,2026-06-10T16:23:18+00:00
at://did:plc:z72i7hdynmk6r22z27h6tvur/app.bsky.feed.post/3mehbtjykb22n,bsky.app,2026-02-09T20:26:09.100Z,False,False,202,6892,790,147,bsky.app,2026-06-10T16:23:18+00:00
at://did:plc:z72i7hdynmk6r22z27h6tvur/app.bsky.feed.post/3mehblstckk2e,bsky.app,2026-02-09T20:21:49.929Z,False,False,912,15723,3391,2434,bsky.app,2026-06-10T16:23:18+00:00
at://did:plc:z72i7hdynmk6r22z27h6tvur/app.bsky.feed.post/3mdni342e422l,bsky.app,2026-01-30T14:08:32.168Z,False,False,464,8121,989,155,bsky.app,2026-06-10T16:23:18+00:00
at://did:plc:z72i7hdynmk6r22z27h6tvur/app.bsky.feed.post/3mdjcrkcav22j,bsky.app,2026-01-28T22:23:03.899Z,False,False,87,8438,5607,353,bsky.app,2026-06-10T16:23:18+00:00
at://did:plc:z72i7hdynmk6r22z27h6tvur/app.bsky.feed.post/3mdjby5ifhc2e,bsky.app,2026-01-28T22:08:51.609Z,False,False,312,2633,448,219,bsky.app,2026-06-10T16:23:18+00:00
at://did:plc:z72i7hdynmk6r22z27h6tvur/app.bsky.feed.post/3mdbijyi5qk27,bsky.app,2026-01-25T19:44:54.882Z,False,False,140,1791,266,73,bsky.app,2026-06-10T16:23:18+00:00
at://did:plc:z72i7hdynmk6r22z27h6tvur/app.bsky.feed.post/3mcibiyf7fs2r,bsky.app,2026-01-15T19:02:31.579Z,False,False,1010,2844,328,1252,bsky.app,2026-06-10T16:23:18+00:00
at://did:plc:z72i7hdynmk6r22z27h6tvur/app.bsky.feed.post/3mcibezwvxk2g,bsky.app,2026-01-15T19:00:18.987Z,False,False,367,6274,1504,800,bsky.app,2026-06-10T16:23:18+00:00
at://did:plc:z72i7hdynmk6r22z27h6tvur/app.bsky.feed.post/3mbuch6tggk2f,bsky.app,2026-01-07T20:26:10.201Z,False,False,343,5247,572,104,bsky.app,2026-06-10T16:23:18+00:00
at://did:plc:z72i7hdynmk6r22z27h6tvur/app.bsky.feed.post/3mbhel6ij7s2y,bsky.app,2026-01-02T16:59:34.947Z,False,False,126,3879,929,173,bsky.app,2026-06-10T16:23:18+00:00
at://did:plc:z72i7hdynmk6r22z27h6tvur/app.bsky.feed.post/3mbb4vo2ah22j,bsky.app,2025-12-31T05:26:18.433Z,False,False,139,4883,1634,74,bsky.app,2026-06-10T16:23:18+00:00
at://did:plc:z72i7hdynmk6r22z27h6tvur/app.bsky.feed.post/3ma5gwktd2s2c,bsky.app,2025-12-17T00:49:55.455Z,False,False,919,3504,662,1322,bsky.app,2026-06-10T16:23:18+00:00
at://did:plc:z72i7hdynmk6r22z27h6tvur/app.bsky.feed.post/3m7j472sanc2f,bsky.app,2025-12-08T22:44:34.704Z,False,False,439,4461,494,241,bsky.app,2026-06-10T16:23:18+00:00
at://did:plc:z72i7hdynmk6r22z27h6tvur/app.bsky.feed.post/3m6zx562tss2c,bsky.app,2025-12-02T22:04:06.239Z,False,False,134,2278,353,169,bsky.app,2026-06-10T16:23:18+00:00
at://did:plc:z72i7hdynmk6r22z27h6tvur/app.bsky.feed.post/3m5yqexldn22q,bsky.app,2025-11-19T17:05:20.315Z,False,False,276,6743,623,169,bsky.app,2026-06-10T16:23:18+00:00
at://did:plc:z72i7hdynmk6r22z27h6tvur/app.bsky.feed.post/3m5yqc2is5s2q,bsky.app,2025-11-19T17:03:42.715Z,False,False,147,3192,519,68,bsky.app,2026-06-10T16:23:18+00:00
at://did:plc:z72i7hdynmk6r22z27h6tvur/app.bsky.feed.post/3m5ypzhscb22q,bsky.app,2025-11-19T16:58:54.664Z,False,False,167,3429,560,95,bsky.app,2026-06-10T16:23:18+00:00
at://did:plc:z72i7hdynmk6r22z27h6tvur/app.bsky.feed.post/3m4ykobgdkc2v,bsky.app,2025-11-06T21:57:58.544Z,False,False,315,3336,327,137,bsky.app,2026-06-10T16:23:18+00:00
at://did:plc:z72i7hdynmk6r22z27h6tvur/app.bsky.feed.post/3m4j5anaals2h,bsky.app,2025-10-31T18:47:46.451Z,False,False,1038,4453,725,780,bsky.app,2026-06-10T16:23:18+00:00
at://did:plc:z72i7hdynmk6r22z27h6tvur/app.bsky.feed.post/3m4j4iy4oek2d,bsky.app,2025-10-31T18:34:32.548Z,False,False,626,20043,2474,336,bsky.app,2026-06-10T16:23:18+00:00
at://did:plc:z72i7hdynmk6r22z27h6tvur/app.bsky.feed.post/3m47grlweoc2a,bsky.app,2025-10-27T22:11:41.798Z,False,False,142,2855,335,38,bsky.app,2026-06-10T16:23:18+00:00
at://did:plc:z72i7hdynmk6r22z27h6tvur/app.bsky.feed.post/3m476tnt5ps2v,bsky.app,2025-10-27T19:49:40.960Z,False,False,766,9604,1156,441,bsky.app,2026-06-10T16:23:18+00:00
at://did:plc:eclio37ymobqex2ncko63h4r/app.bsky.feed.post/3mnx4iy5jst2k,nytimes.com,2026-06-10T16:20:06.449096Z,False,False,5,3,0,0,nytimes.com,2026-06-10T16:23:18+00:00
at://did:plc:eclio37ymobqex2ncko63h4r/app.bsky.feed.post/3mnx3vbtlhn23,nytimes.com,2026-06-10T16:09:05.533848Z,False,False,0,6,0,0,nytimes.com,2026-06-10T16:23:18+00:00
at://did:plc:eclio37ymobqex2ncko63h4r/app.bsky.feed.post/3mnx34dag2h2d,nytimes.com,2026-06-10T15:55:08.241184Z,False,False,3,26,6,1,nytimes.com,2026-06-10T16:23:18+00:00
at://did:plc:eclio37ymobqex2ncko63h4r/app.bsky.feed.post/3mnwz7ma2pc2g,nytimes.com,2026-06-10T15:21:10.855849Z,False,False,3,30,2,3,nytimes.com,2026-06-10T16:23:18+00:00
at://did:plc:eclio37ymobqex2ncko63h4r/app.bsky.feed.post/3mnwxncwr5l23,nytimes.com,2026-06-10T14:53:03.251900Z,False,False,1,9,1,0,nytimes.com,2026-06-10T16:23:18+00:00
at://did:plc:eclio37ymobqex2ncko63h4r/app.bsky.feed.post/3mnwwcezymk2b,nytimes.com,2026-06-10T14:29:02.609091Z,False,False,1,31,1,0,nytimes.com,2026-06-10T16:23:18+00:00
at://did:plc:eclio37ymobqex2ncko63h4r/app.bsky.feed.post/3mnwvsdcfgl2i,nytimes.com,2026-06-10T14:20:04.043966Z,False,False,16,146,25,4,nytimes.com,2026-06-10T16:23:18+00:00
at://did:plc:eclio37ymobqex2ncko63h4r/app.bsky.feed.post/3mnwvqlptei2i,nytimes.com,2026-06-10T14:19:05.779333Z,False,False,0,10,0,0,nytimes.com,2026-06-10T16:23:18+00:00
at://did:plc:eclio37ymobqex2ncko63h4r/app.bsky.feed.post/3mnwvaihwcn23,nytimes.com,2026-06-10T14:10:05.491214Z,False,False,26,47,36,26,nytimes.com,2026-06-10T16:23:18+00:00
at://did:plc:eclio37ymobqex2ncko63h4r/app.bsky.feed.post/3mnwujb4ms62k,nytimes.com,2026-06-10T13:57:05.894442Z,False,False,13,14,2,3,nytimes.com,2026-06-10T16:23:18+00:00
at://did:plc:eclio37ymobqex2ncko63h4r/app.bsky.feed.post/3mnwua5vnhd2w,nytimes.com,2026-06-10T13:52:00.666833Z,False,False,12,23,5,10,nytimes.com,2026-06-10T16:23:18+00:00
at://did:plc:eclio37ymobqex2ncko63h4r/app.bsky.feed.post/3mnwsvgcy732b,nytimes.com,2026-06-10T13:28:06.530233Z,False,False,3,10,1,0,nytimes.com,2026-06-10T16:23:18+00:00
at://did:plc:eclio37ymobqex2ncko63h4r/app.bsky.feed.post/3mnwrmbg3gm25,nytimes.com,2026-06-10T13:05:05.778376Z,False,False,0,12,0,1,nytimes.com,2026-06-10T16:23:18+00:00
at://did:plc:eclio37ymobqex2ncko63h4r/app.bsky.feed.post/3mnwr7oylea2k,nytimes.com,2026-06-10T12:58:03.812004Z,False,False,5,9,0,1,nytimes.com,2026-06-10T16:23:18+00:00
at://did:plc:eclio37ymobqex2ncko63h4r/app.bsky.feed.post/3mnwr2cxhdf25,nytimes.com,2026-06-10T12:55:03.364949Z,False,False,7,59,36,3,nytimes.com,2026-06-10T16:23:18+00:00
at://did:plc:eclio37ymobqex2ncko63h4r/app.bsky.feed.post/3mnwpyeuvgv2d,nytimes.com,2026-06-10T12:36:04.575462Z,False,False,28,90,62,34,nytimes.com,2026-06-10T16:23:18+00:00
at://did:plc:eclio37ymobqex2ncko63h4r/app.bsky.feed.post/3mnwpeo4r7y2p,nytimes.com,2026-06-10T12:25:03.187669Z,False,False,5,18,13,0,nytimes.com,2026-06-10T16:23:18+00:00
at://did:plc:eclio37ymobqex2ncko63h4r/app.bsky.feed.post/3mnwojtzsdb2d,nytimes.com,2026-06-10T12:10:03.393989Z,False,False,5,31,13,2,nytimes.com,2026-06-10T16:23:18+00:00
at://did:plc:eclio37ymobqex2ncko63h4r/app.bsky.feed.post/3mnwnp3ci6j2n,nytimes.com,2026-06-10T11:55:05.063892Z,False,False,0,29,6,1,nytimes.com,2026-06-10T16:23:18+00:00
at://did:plc:eclio37ymobqex2ncko63h4r/app.bsky.feed.post/3mnwmwajyvx2g,nytimes.com,2026-06-10T11:41:11.698134Z,False,False,14,38,11,7,nytimes.com,2026-06-10T16:23:18+00:00
at://did:plc:eclio37ymobqex2ncko63h4r/app.bsky.feed.post/3mnwlzhhlkn2c,nytimes.com,2026-06-10T11:25:05.870742Z,False,False,16,31,9,5,nytimes.com,2026-06-10T16:23:18+00:00
at://did:plc:eclio37ymobqex2ncko63h4r/app.bsky.feed.post/3mnwkdpevjv2d,nytimes.com,2026-06-10T10:55:02.232817Z,False,False,3,21,4,0,nytimes.com,2026-06-10T16:23:18+00:00
at://did:plc:eclio37ymobqex2ncko63h4r/app.bsky.feed.post/3mnwjizkxiq23,nytimes.com,2026-06-10T10:40:06.948694Z,False,False,5,29,5,4,nytimes.com,2026-06-10T16:23:18+00:00
at://did:plc:eclio37ymobqex2ncko63h4r/app.bsky.feed.post/3mnwio5ptsh2z,nytimes.com,2026-06-10T10:25:05.338540Z,False,False,20,41,15,10,nytimes.com,2026-06-10T16:23:18+00:00
at://did:plc:eclio37ymobqex2ncko63h4r/app.bsky.feed.post/3mnwgyjj6mq23,nytimes.com,2026-06-10T09:55:05.764871Z,False,False,2,45,8,0,nytimes.com,2026-06-10T16:23:18+00:00
at://did:plc:eclio37ymobqex2ncko63h4r/app.bsky.feed.post/3mnwfcu7p6q2a,nytimes.com,2026-06-10T09:25:05.047601Z,False,False,1,17,4,0,nytimes.com,2026-06-10T16:23:18+00:00
at://did:plc:eclio37ymobqex2ncko63h4r/app.bsky.feed.post/3mnw2g5vn7425,nytimes.com,2026-06-10T06:10:04.702793Z,False,False,14,48,9,2,nytimes.com,2026-06-10T16:23:18+00:00
at://did:plc:eclio37ymobqex2ncko63h4r/app.bsky.feed.post/3mnvysdqycv2s,nytimes.com,2026-06-10T05:41:06.002818Z,False,False,7,55,10,2,nytimes.com,2026-06-10T16:23:18+00:00
at://did:plc:eclio37ymobqex2ncko63h4r/app.bsky.feed.post/3mnvvkkr2cn2f,nytimes.com,2026-06-10T04:43:03.695367Z,False,False,2,32,5,0,nytimes.com,2026-06-10T16:23:18+00:00
at://did:plc:eclio37ymobqex2ncko63h4r/app.bsky.feed.post/3mnvuv3bkfe2l,nytimes.com,2026-06-10T04:31:02.818387Z,False,False,0,32,6,0,nytimes.com,2026-06-10T16:23:18+00:00
at://did:plc:eclio37ymobqex2ncko63h4r/app.bsky.feed.post/3mnvubjobdr23,nytimes.com,2026-06-10T04:20:06.685872Z,False,False,17,25,1,9,nytimes.com,2026-06-10T16:23:18+00:00
at://did:plc:eclio37ymobqex2ncko63h4r/app.bsky.feed.post/3mnvtsp5cre2f,nytimes.com,2026-06-10T04:11:49.243918Z,False,False,2,130,16,2,nytimes.com,2026-06-10T16:23:18+00:00
at://did:plc:eclio37ymobqex2ncko63h4r/app.bsky.feed.post/3mnvt5qsbqx2b,nytimes.com,2026-06-10T04:00:06.303704Z,False,False,8,15,1,0,nytimes.com,2026-06-10T16:23:18+00:00
at://did:plc:eclio37ymobqex2ncko63h4r/app.bsky.feed.post/3mnvs53ufpl25,nytimes.com,2026-06-10T03:41:50.648413Z,False,False,7,29,5,1,nytimes.com,2026-06-10T16:23:18+00:00
at://did:plc:eclio37ymobqex2ncko63h4r/app.bsky.feed.post/3mnvrzys6rr23,nytimes.com,2026-06-10T03:40:06.564187Z,False,False,10,51,7,3,nytimes.com,2026-06-10T16:23:18+00:00
at://did:plc:eclio37ymobqex2ncko63h4r/app.bsky.feed.post/3mnvqw4mp622i,nytimes.com,2026-06-10T03:20:02.811541Z,False,False,5,20,1,3,nytimes.com,2026-06-10T16:23:18+00:00
at://did:plc:eclio37ymobqex2ncko63h4r/app.bsky.feed.post/3mnvpsdunmu2f,nytimes.com,2026-06-10T03:00:02.457019Z,False,False,0,21,2,0,nytimes.com,2026-06-10T16:23:18+00:00
at://did:plc:eclio37ymobqex2ncko63h4r/app.bsky.feed.post/3mnvoonk46f25,nytimes.com,2026-06-10T02:40:04.639905Z,False,False,19,253,60,9,nytimes.com,2026-06-10T16:23:18+00:00
at://did:plc:eclio37ymobqex2ncko63h4r/app.bsky.feed.post/3mnvnksyam42d,nytimes.com,2026-06-10T02:20:02.386098Z,False,False,17,84,19,9,nytimes.com,2026-06-10T16:23:18+00:00
at://did:plc:eclio37ymobqex2ncko63h4r/app.bsky.feed.post/3mnvmh6ceuc2s,nytimes.com,2026-06-10T02:00:06.148551Z,False,False,4,30,3,1,nytimes.com,2026-06-10T16:23:18+00:00
at://did:plc:eclio37ymobqex2ncko63h4r/app.bsky.feed.post/3mnvldbwcep2s,nytimes.com,2026-06-10T01:40:02.123437Z,False,False,8,63,10,3,nytimes.com,2026-06-10T16:23:18+00:00
at://did:plc:eclio37ymobqex2ncko63h4r/app.bsky.feed.post/3mnvk7ne7ep26,nytimes.com,2026-06-10T01:20:06.149919Z,False,False,45,29,7,6,nytimes.com,2026-06-10T16:23:18+00:00
at://did:plc:eclio37ymobqex2ncko63h4r/app.bsky.feed.post/3mnvj3wcw4o2c,nytimes.com,2026-06-10T01:00:07.597543Z,False,False,9,37,2,15,nytimes.com,2026-06-10T16:23:18+00:00
at://did:plc:eclio37ymobqex2ncko63h4r/app.bsky.feed.post/3mnvhy3afcy26,nytimes.com,2026-06-10T00:40:04.795912Z,False,False,5,65,11,2,nytimes.com,2026-06-10T16:23:18+00:00
at://did:plc:eclio37ymobqex2ncko63h4r/app.bsky.feed.post/3mnvguc62fe2f,nytimes.com,2026-06-10T00:20:04.128937Z,False,False,19,28,6,13,nytimes.com,2026-06-10T16:23:18+00:00
at://did:plc:eclio37ymobqex2ncko63h4r/app.bsky.feed.post/3mnvfqkxdja2b,nytimes.com,2026-06-10T00:00:05.345603Z,False,False,14,23,3,2,nytimes.com,2026-06-10T16:23:18+00:00
at://did:plc:eclio37ymobqex2ncko63h4r/app.bsky.feed.post/3mnvemrzp7h2b,nytimes.com,2026-06-09T23:40:04.818254Z,False,False,4,65,3,2,nytimes.com,2026-06-10T16:23:18+00:00
at://did:plc:eclio37ymobqex2ncko63h4r/app.bsky.feed.post/3mnvdixmdon2s,nytimes.com,2026-06-09T23:20:02.713141Z,False,False,5,48,3,1,nytimes.com,2026-06-10T16:23:18+00:00
at://did:plc:eclio37ymobqex2ncko63h4r/app.bsky.feed.post/3mnvcfeqw7p2s,nytimes.com,2026-06-09T23:00:08.530954Z,False,False,10,50,7,3,nytimes.com,2026-06-10T16:23:18+00:00
at://did:plc:eclio37ymobqex2ncko63h4r/app.bsky.feed.post/3mnva5pmwvu2o,nytimes.com,2026-06-09T22:20:03.397197Z,False,False,3,112,20,1,nytimes.com,2026-06-10T16:23:18+00:00
at://did:plc:eclio37ymobqex2ncko63h4r/app.bsky.feed.post/3mnv6zxvm7w2y,nytimes.com,2026-06-09T22:00:04.725348Z,False,False,11,53,4,7,nytimes.com,2026-06-10T16:23:18+00:00
at://did:plc:eclio37ymobqex2ncko63h4r/app.bsky.feed.post/3mnv6axjsgg2j,nytimes.com,2026-06-09T21:46:05.484876Z,False,False,39,170,85,23,nytimes.com,2026-06-10T16:23:18+00:00
at://did:plc:eclio37ymobqex2ncko63h4r/app.bsky.feed.post/3mnv67a2fua2a,nytimes.com,2026-06-09T21:45:07.298204Z,False,False,29,121,48,5,nytimes.com,2026-06-10T16:23:18+00:00
at://did:plc:eclio37ymobqex2ncko63h4r/app.bsky.feed.post/3mnv5ee3fjl2j,nytimes.com,2026-06-09T21:30:05.567824Z,False,False,11,200,23,23,nytimes.com,2026-06-10T16:23:18+00:00
at://did:plc:eclio37ymobqex2ncko63h4r/app.bsky.feed.post/3mnv4uejwxf2b,nytimes.com,2026-06-09T21:21:09.179517Z,False,False,2,73,8,3,nytimes.com,2026-06-10T16:23:18+00:00
at://did:plc:eclio37ymobqex2ncko63h4r/app.bsky.feed.post/3mnv34ro4fv2x,nytimes.com,2026-06-09T20:50:03.376582Z,False,False,4,42,0,5,nytimes.com,2026-06-10T16:23:18+00:00
at://did:plc:eclio37ymobqex2ncko63h4r/app.bsky.feed.post/3mnv22ruof22j,nytimes.com,2026-06-09T20:31:03.138745Z,False,False,1,37,0,1,nytimes.com,2026-06-10T16:23:18+00:00
at://did:plc:eclio37ymobqex2ncko63h4r/app.bsky.feed.post/3mnuz7yb2e525,nytimes.com,2026-06-09T20:16:03.973205Z,False,False,7,80,24,2,nytimes.com,2026-06-10T16:23:18+00:00
at://did:plc:eclio37ymobqex2ncko63h4r/app.bsky.feed.post/3mnuyvawbnz26,nytimes.com,2026-06-09T20:10:03.954970Z,False,False,12,53,11,1,nytimes.com,2026-06-10T16:23:18+00:00
at://did:plc:eclio37ymobqex2ncko63h4r/app.bsky.feed.post/3mnuxym3f3x2f,nytimes.com,2026-06-09T19:54:02.583731Z,False,False,1,52,13,2,nytimes.com,2026-06-10T16:23:18+00:00
at://did:plc:eclio37ymobqex2ncko63h4r/app.bsky.feed.post/3mnuxrlnpxm25,nytimes.com,2026-06-09T19:50:07.148902Z,False,False,27,44,0,6,nytimes.com,2026-06-10T16:23:18+00:00
at://did:plc:eclio37ymobqex2ncko63h4r/app.bsky.feed.post/3mnuxdbspld2a,nytimes.com,2026-06-09T19:42:07.071610Z,False,False,9,53,4,5,nytimes.com,2026-06-10T16:23:18+00:00
at://did:plc:eclio37ymobqex2ncko63h4r/app.bsky.feed.post/3mnuxcqdoxr2j,nytimes.com,2026-06-09T19:41:48.858834Z,False,False,8,59,19,2,nytimes.com,2026-06-10T16:23:18+00:00
at://did:plc:eclio37ymobqex2ncko63h4r/app.bsky.feed.post/3mnuwnukgt525,nytimes.com,2026-06-09T19:30:08.631291Z,False,False,8,43,6,4,nytimes.com,2026-06-10T16:23:18+00:00
at://did:plc:eclio37ymobqex2ncko63h4r/app.bsky.feed.post/3mnuvnjwet425,nytimes.com,2026-06-09T19:12:03.582942Z,False,False,14,146,28,6,nytimes.com,2026-06-10T16:23:18+00:00
at://did:plc:eclio37ymobqex2ncko63h4r/app.bsky.feed.post/3mnuuukqerz2n,nytimes.com,2026-06-09T18:58:05.564938Z,False,False,2,165,25,6,nytimes.com,2026-06-10T16:23:18+00:00
at://did:plc:eclio37ymobqex2ncko63h4r/app.bsky.feed.post/3mnuu5c7adb27,nytimes.com,2026-06-09T18:45:05.038617Z,False,False,34,56,13,13,nytimes.com,2026-06-10T16:23:18+00:00
at://did:plc:eclio37ymobqex2ncko63h4r/app.bsky.feed.post/3mnutcip3yg2d,nytimes.com,2026-06-09T18:30:05.880761Z,False,False,4,40,3,2,nytimes.com,2026-06-10T16:23:18+00:00
at://did:plc:eclio37ymobqex2ncko63h4r/app.bsky.feed.post/3mnupx5k6br2v,nytimes.com,2026-06-09T17:30:03.852731Z,False,False,4,68,4,3,nytimes.com,2026-06-10T16:23:18+00:00
at://did:plc:eclio37ymobqex2ncko63h4r/app.bsky.feed.post/3mnup6mgphg25,nytimes.com,2026-06-09T17:16:20.586517Z,False,False,30,57,13,9,nytimes.com,2026-06-10T16:23:18+00:00
at://did:plc:eclio37ymobqex2ncko63h4r/app.bsky.feed.post/3mnup4bkybe2v,nytimes.com,2026-06-09T17:15:02.104861Z,False,False,2,55,3,4,nytimes.com,2026-06-10T16:23:18+00:00
at://did:plc:eclio37ymobqex2ncko63h4r/app.bsky.feed.post/3mnuobj5rin26,nytimes.com,2026-06-09T17:00:04.103405Z,False,False,4,38,2,4,nytimes.com,2026-06-10T16:23:18+00:00
at://did:plc:eclio37ymobqex2ncko63h4r/app.bsky.feed.post/3mnuo7rnq7e2a,nytimes.com,2026-06-09T16:59:05.790978Z,False,False,1,41,4,0,nytimes.com,2026-06-10T16:23:18+00:00
at://did:plc:eclio37ymobqex2ncko63h4r/app.bsky.feed.post/3mnuneh4i7p25,nytimes.com,2026-06-09T16:43:48.872374Z,False,False,2,50,15,0,nytimes.com,2026-06-10T16:23:18+00:00
at://did:plc:eclio37ymobqex2ncko63h4r/app.bsky.feed.post/3mnumlwxiaq2s,nytimes.com,2026-06-09T16:30:06.651346Z,False,False,6,48,6,2,nytimes.com,2026-06-10T16:23:18+00:00
at://did:plc:eclio37ymobqex2ncko63h4r/app.bsky.feed.post/3mnumlukfn22m,nytimes.com,2026-06-09T16:30:04.006085Z,False,False,2,57,12,2,nytimes.com,2026-06-10T16:23:18+00:00
at://did:plc:eclio37ymobqex2ncko63h4r/app.bsky.feed.post/3mnuly67wk72m,nytimes.com,2026-06-09T16:19:03.057376Z,False,False,24,47,4,11,nytimes.com,2026-06-10T16:23:18+00:00
at://did:plc:eclio37ymobqex2ncko63h4r/app.bsky.feed.post/3mnulr26e3z2s,nytimes.com,2026-06-09T16:15:04.030004Z,False,False,2,57,8,8,nytimes.com,2026-06-10T16:23:18+00:00
at://did:plc:eclio37ymobqex2ncko63h4r/app.bsky.feed.post/3mnuli6q2up2d,nytimes.com,2026-06-09T16:10:06.806349Z,False,False,11,88,35,14,nytimes.com,2026-06-10T16:23:18+00:00
at://did:plc:eclio37ymobqex2ncko63h4r/app.bsky.feed.post/3mnukwfmu352d,nytimes.com,2026-06-09T16:00:10.071719Z,False,False,5,75,4,0,nytimes.com,2026-06-10T16:23:18+00:00
at://did:plc:eclio37ymobqex2ncko63h4r/app.bsky.feed.post/3mnujspd3rt22,nytimes.com,2026-06-09T15:40:11.249793Z,False,False,4,47,3,3,nytimes.com,2026-06-10T16:23:18+00:00
at://did:plc:eclio37ymobqex2ncko63h4r/app.bsky.feed.post/3mnuiagskmb2g,nytimes.com,2026-06-09T15:12:05.624600Z,False,False,4,57,4,1,nytimes.com,2026-06-10T16:23:18+00:00
at://did:plc:eclio37ymobqex2ncko63h4r/app.bsky.feed.post/3mnuhaajdbh2y,nytimes.com,2026-06-09T14:54:05.174672Z,False,False,11,188,48,5,nytimes.com,2026-06-10T16:23:18+00:00
at://did:plc:eclio37ymobqex2ncko63h4r/app.bsky.feed.post/3mnuh4n2y5a26,nytimes.com,2026-06-09T14:52:04.227659Z,False,False,5,40,1,0,nytimes.com,2026-06-10T16:23:18+00:00
at://did:plc:eclio37ymobqex2ncko63h4r/app.bsky.feed.post/3mnugkuelss2m,nytimes.com,2026-06-09T14:42:07.812541Z,False,False,12,45,1,8,nytimes.com,2026-06-10T16:23:18+00:00
at://did:plc:eclio37ymobqex2ncko63h4r/app.bsky.feed.post/3mnufj522tk2v,nytimes.com,2026-06-09T14:23:16.191Z,False,False,23,42,2,5,nytimes.com,2026-06-10T16:23:18+00:00
at://did:plc:eclio37ymobqex2ncko63h4r/app.bsky.feed.post/3mnufddu6y72m,nytimes.com,2026-06-09T14:20:01.978805Z,False,False,5,51,11,0,nytimes.com,2026-06-10T16:23:18+00:00
at://did:plc:eclio37ymobqex2ncko63h4r/app.bsky.feed.post/3mnue2bs5fw2s,nytimes.com,2026-06-09T13:57:04.075841Z,False,False,4,42,1,0,nytimes.com,2026-06-10T16:23:18+00:00
at://did:plc:eclio37ymobqex2ncko63h4r/app.bsky.feed.post/3mnudwpntiz2b,nytimes.com,2026-06-09T13:55:04.422789Z,False,False,9,58,23,4,nytimes.com,2026-06-10T16:23:18+00:00
at://did:plc:eclio37ymobqex2ncko63h4r/app.bsky.feed.post/3mnudwowb7n26,nytimes.com,2026-06-09T13:55:03.564643Z,False,False,21,124,48,13,nytimes.com,2026-06-10T16:23:18+00:00
at://did:plc:eclio37ymobqex2ncko63h4r/app.bsky.feed.post/3mnud24gh3l25,nytimes.com,2026-06-09T13:39:04.603496Z,False,False,8,47,7,3,nytimes.com,2026-06-10T16:23:18+00:00
at://did:plc:eclio37ymobqex2ncko63h4r/app.bsky.feed.post/3mnubpagbo222,nytimes.com,2026-06-09T13:15:05.936530Z,False,False,19,238,50,4,nytimes.com,2026-06-10T16:23:18+00:00
at://did:plc:eclio37ymobqex2ncko63h4r/app.bsky.feed.post/3mnuaki4rz62s,nytimes.com,2026-06-09T12:54:32.624921Z,False,False,16,45,10,1,nytimes.com,2026-06-10T16:23:18+00:00
at://did:plc:eclio37ymobqex2ncko63h4r/app.bsky.feed.post/3mnu7qkuty32n,nytimes.com,2026-06-09T12:40:03.088291Z,False,False,6,75,14,1,nytimes.com,2026-06-10T16:23:18+00:00
at://did:plc:eclio37ymobqex2ncko63h4r/app.bsky.feed.post/3mnu5abqey427,nytimes.com,2026-06-09T11:55:09.161906Z,False,False,10,51,5,1,nytimes.com,2026-06-10T16:23:18+00:00
at://did:plc:eclio37ymobqex2ncko63h4r/app.bsky.feed.post/3mnu3khwmsx2s,nytimes.com,2026-06-09T11:25:03.705023Z,False,False,4,53,3,1,nytimes.com,2026-06-10T16:23:18+00:00
at://did:plc:eclio37ymobqex2ncko63h4r/app.bsky.feed.post/3mntyzym2ve26,nytimes.com,2026-06-09T10:40:03.275534Z,False,False,10,70,11,2,nytimes.com,2026-06-10T16:23:18+00:00
at://did:plc:eclio37ymobqex2ncko63h4r/app.bsky.feed.post/3mnty74tktq26,nytimes.com,2026-06-09T10:25:01.406828Z,False,False,0,47,5,1,nytimes.com,2026-06-10T16:23:18+00:00
at://did:plc:eclio37ymobqex2ncko63h4r/app.bsky.feed.post/3mntvzfy5qk2y,nytimes.com,2026-06-09T09:46:02.397835Z,False,False,6,55,5,3,nytimes.com,2026-06-10T16:23:18+00:00
at://did:plc:eclio37ymobqex2ncko63h4r/app.bsky.feed.post/3mntvoqnd6k2g,nytimes.com,2026-06-09T09:40:04.606165Z,False,False,3,50,3,3,nytimes.com,2026-06-10T16:23:18+00:00
at://did:plc:eclio37ymobqex2ncko63h4r/app.bsky.feed.post/3mntutyr6bo2g,nytimes.com,2026-06-09T09:25:07.127342Z,False,False,4,100,18,0,nytimes.com,2026-06-10T16:23:18+00:00
at://did:plc:eclio37ymobqex2ncko63h4r/app.bsky.feed.post/3mntdhut3dh24,nytimes.com,2026-06-09T04:14:06.751821Z,False,False,13,114,24,7,nytimes.com,2026-06-10T16:23:18+00:00
at://did:plc:eclio37ymobqex2ncko63h4r/app.bsky.feed.post/3mntd6rtnll25,nytimes.com,2026-06-09T04:09:01.634512Z,False,False,14,66,7,6,nytimes.com,2026-06-10T16:23:18+00:00
at://did:plc:eclio37ymobqex2ncko63h4r/app.bsky.feed.post/3mntc3346ne2a,nytimes.com,2026-06-09T03:49:03.390389Z,False,False,26,79,3,10,nytimes.com,2026-06-10T16:23:18+00:00
at://did:plc:eclio37ymobqex2ncko63h4r/app.bsky.feed.post/3mntbmnxq2l26,nytimes.com,2026-06-09T03:40:59.865988Z,False,False,18,63,6,4,nytimes.com,2026-06-10T16:23:18+00:00
at://did:plc:eclio37ymobqex2ncko63h4r/app.bsky.feed.post/3mntbkyo7bl2y,nytimes.com,2026-06-09T03:40:03.871440Z,False,False,21,65,4,1,nytimes.com,2026-06-10T16:23:18+00:00
at://did:plc:eclio37ymobqex2ncko63h4r/app.bsky.feed.post/3mnt7djjh2o2n,nytimes.com,2026-06-09T03:00:05.717353Z,False,False,2,50,1,0,nytimes.com,2026-06-10T16:23:18+00:00
at://did:plc:eclio37ymobqex2ncko63h4r/app.bsky.feed.post/3mnt53wh5ts26,nytimes.com,2026-06-09T02:20:03.359421Z,False,False,15,115,35,9,nytimes.com,2026-06-10T16:23:18+00:00
at://did:plc:eclio37ymobqex2ncko63h4r/app.bsky.feed.post/3mnt2uhfwp22m,nytimes.com,2026-06-09T01:40:05.109963Z,False,False,10,196,47,8,nytimes.com,2026-06-10T16:23:18+00:00
at://did:plc:eclio37ymobqex2ncko63h4r/app.bsky.feed.post/3mnsymw2oy72t,nytimes.com,2026-06-09T01:00:04.422233Z,False,False,8,79,12,0,nytimes.com,2026-06-10T16:23:18+00:00
at://did:plc:eclio37ymobqex2ncko63h4r/app.bsky.feed.post/3mnsw4hw5u52m,nytimes.com,2026-06-09T00:15:05.483770Z,False,False,10,399,46,7,nytimes.com,2026-06-10T16:23:18+00:00
at://did:plc:eclio37ymobqex2ncko63h4r/app.bsky.feed.post/3mnsvbnqblb2m,nytimes.com,2026-06-09T00:00:05.608648Z,False,False,6,222,50,3,nytimes.com,2026-06-10T16:23:18+00:00
at://did:plc:eclio37ymobqex2ncko63h4r/app.bsky.feed.post/3mnst22a4sn2a,nytimes.com,2026-06-08T23:20:02.786558Z,False,False,3,77,7,2,nytimes.com,2026-06-10T16:23:18+00:00
at://did:plc:eclio37ymobqex2ncko63h4r/app.bsky.feed.post/3mnsqsixgri23,nytimes.com,2026-06-08T22:40:02.321795Z,False,False,18,55,8,5,nytimes.com,2026-06-10T16:23:18+00:00
at://did:plc:eclio37ymobqex2ncko63h4r/app.bsky.feed.post/3mnsorjnd3s2b,nytimes.com,2026-06-08T22:03:41.994831Z,False,False,17,52,13,5,nytimes.com,2026-06-10T16:23:18+00:00
at://did:plc:eclio37ymobqex2ncko63h4r/app.bsky.feed.post/3mnsmmg37632q,nytimes.com,2026-06-08T21:25:02.998826Z,False,False,18,104,33,2,nytimes.com,2026-06-10T16:23:18+00:00
at://did:plc:eclio37ymobqex2ncko63h4r/app.bsky.feed.post/3mnskwcqluh26,nytimes.com,2026-06-08T20:54:47.571892Z,False,False,33,115,30,23,nytimes.com,2026-06-10T16:23:18+00:00
at://did:plc:eclio37ymobqex2ncko63h4r/app.bsky.feed.post/3mnsknwwxon26,nytimes.com,2026-06-08T20:50:06.758549Z,False,False,1,56,0,3,nytimes.com,2026-06-10T16:23:18+00:00
at://did:plc:eclio37ymobqex2ncko63h4r/app.bsky.feed.post/3mnsk3xuqjk2o,nytimes.com,2026-06-08T20:40:03.738633Z,False,False,3,51,3,1,nytimes.com,2026-06-10T16:23:18+00:00
at://did:plc:eclio37ymobqex2ncko63h4r/app.bsky.feed.post/3mnsjb7zmyq2q,nytimes.com,2026-06-08T20:25:06.334547Z,False,False,3,56,9,0,nytimes.com,2026-06-10T16:23:18+00:00
at://did:plc:eclio37ymobqex2ncko63h4r/app.bsky.feed.post/3mnsiwif3dt2q,nytimes.com,2026-06-08T20:19:05.902937Z,False,False,10,88,12,3,nytimes.com,2026-06-10T16:23:18+00:00
at://did:plc:eclio37ymobqex2ncko63h4r/app.bsky.feed.post/3mnsipczoov2v,nytimes.com,2026-06-08T20:15:05.501558Z,False,False,5,65,17,2,nytimes.com,2026-06-10T16:23:18+00:00
at://did:plc:eclio37ymobqex2ncko63h4r/app.bsky.feed.post/3mnsigg7k4p2a,nytimes.com,2026-06-08T20:10:06.776066Z,False,False,5,52,13,6,nytimes.com,2026-06-10T16:23:18+00:00
at://did:plc:eclio37ymobqex2ncko63h4r/app.bsky.feed.post/3mnshli7xpf26,nytimes.com,2026-06-08T19:55:02.995841Z,False,False,2,48,4,1,nytimes.com,2026-06-10T16:23:18+00:00
at://did:plc:eclio37ymobqex2ncko63h4r/app.bsky.feed.post/3mnsgqq4bib23,nytimes.com,2026-06-08T19:40:05.186352Z,False,False,5,61,9,0,nytimes.com,2026-06-10T16:23:18+00:00
at://did:plc:eclio37ymobqex2ncko63h4r/app.bsky.feed.post/3mnsgakyhqv2y,nytimes.com,2026-06-08T19:31:03.052109Z,False,False,0,37,1,2,nytimes.com,2026-06-10T16:23:18+00:00
at://did:plc:eclio37ymobqex2ncko63h4r/app.bsky.feed.post/3mnsf2km74o26,nytimes.com,2026-06-08T19:09:47.583376Z,False,False,4,188,42,2,nytimes.com,2026-06-10T16:23:18+00:00
at://did:plc:eclio37ymobqex2ncko63h4r/app.bsky.feed.post/3mnseaabf252o,nytimes.com,2026-06-08T18:55:04.280486Z,False,False,7,57,13,6,nytimes.com,2026-06-10T16:23:18+00:00
at://did:plc:eclio37ymobqex2ncko63h4r/app.bsky.feed.post/3mnsdxaupbz2t,nytimes.com,2026-06-08T18:50:02.879599Z,False,False,1,97,19,1,nytimes.com,2026-06-10T16:23:18+00:00
at://did:plc:eclio37ymobqex2ncko63h4r/app.bsky.feed.post/3mnsdfe7xog2v,nytimes.com,2026-06-08T18:40:02.495654Z,False,False,2,55,5,2,nytimes.com,2026-06-10T16:23:18+00:00
at://did:plc:eclio37ymobqex2ncko63h4r/app.bsky.feed.post/3mnscbp32we2q,nytimes.com,2026-06-08T18:20:05.913192Z,False,False,2,61,5,0,nytimes.com,2026-06-10T16:23:18+00:00
at://did:plc:eclio37ymobqex2ncko63h4r/app.bsky.feed.post/3mnsbv4zgih2s,nytimes.com,2026-06-08T18:13:04.237885Z,False,False,5,126,13,10,nytimes.com,2026-06-10T16:23:18+00:00
at://did:plc:eclio37ymobqex2ncko63h4r/app.bsky.feed.post/3mnsbd5rfvs2o,nytimes.com,2026-06-08T18:03:01.131821Z,False,False,24,59,11,17,nytimes.com,2026-06-10T16:23:18+00:00
at://did:plc:eclio37ymobqex2ncko63h4r/app.bsky.feed.post/3mnsb5zrx3k22,nytimes.com,2026-06-08T18:00:09.186797Z,False,False,4,57,10,5,nytimes.com,2026-06-10T16:23:18+00:00
at://did:plc:eclio37ymobqex2ncko63h4r/app.bsky.feed.post/3mnsaijicjm2t,nytimes.com,2026-06-08T17:48:07.359604Z,False,False,9,51,10,2,nytimes.com,2026-06-10T16:23:18+00:00
at://did:plc:eclio37ymobqex2ncko63h4r/app.bsky.feed.post/3mns7b6xlyt23,nytimes.com,2026-06-08T17:26:07.701561Z,False,False,4,39,0,1,nytimes.com,2026-06-10T16:23:18+00:00
at://did:plc:eclio37ymobqex2ncko63h4r/app.bsky.feed.post/3mns77da52s2o,nytimes.com,2026-06-08T17:25:05.164341Z,False,False,21,116,35,9,nytimes.com,2026-06-10T16:23:18+00:00
at://did:plc:eclio37ymobqex2ncko63h4r/app.bsky.feed.post/3mns5xxoyjx2q,nytimes.com,2026-06-08T17:03:04.445204Z,False,False,4,52,2,0,nytimes.com,2026-06-10T16:23:18+00:00
at://did:plc:eclio37ymobqex2ncko63h4r/app.bsky.feed.post/3mns5jn2h2726,nytimes.com,2026-06-08T16:55:03.491124Z,False,False,0,41,1,1,nytimes.com,2026-06-10T16:23:18+00:00
at://did:plc:eclio37ymobqex2ncko63h4r/app.bsky.feed.post/3mns5ealdfi26,nytimes.com,2026-06-08T16:52:02.592463Z,False,False,1,47,5,1,nytimes.com,2026-06-10T16:23:18+00:00
at://did:plc:eclio37ymobqex2ncko63h4r/app.bsky.feed.post/3mns4znjy7n22,nytimes.com,2026-06-08T16:46:07.158471Z,False,False,1,46,1,0,nytimes.com,2026-06-10T16:23:18+00:00
at://did:plc:eclio37ymobqex2ncko63h4r/app.bsky.feed.post/3mns4ov4o552l,nytimes.com,2026-06-08T16:40:06.020764Z,False,False,14,68,15,9,nytimes.com,2026-06-10T16:23:18+00:00
at://did:plc:eclio37ymobqex2ncko63h4r/app.bsky.feed.post/3mns44xvlmf2l,nytimes.com,2026-06-08T16:30:04.946665Z,False,False,15,56,8,1,nytimes.com,2026-06-10T16:23:18+00:00
at://did:plc:eclio37ymobqex2ncko63h4r/app.bsky.feed.post/3mns3u2i2r62y,nytimes.com,2026-06-08T16:25:05.666086Z,False,False,13,81,21,1,nytimes.com,2026-06-10T16:23:18+00:00
at://did:plc:eclio37ymobqex2ncko63h4r/app.bsky.feed.post/3mns2hjuuab2s,nytimes.com,2026-06-08T16:00:11.864262Z,False,False,4,53,3,1,nytimes.com,2026-06-10T16:23:18+00:00
at://did:plc:eclio37ymobqex2ncko63h4r/app.bsky.feed.post/3mnrzvi5rcs2s,nytimes.com,2026-06-08T15:50:05.972726Z,False,False,9,185,42,6,nytimes.com,2026-06-10T16:23:18+00:00
at://did:plc:eclio37ymobqex2ncko63h4r/app.bsky.feed.post/3mnrzknuhpy2o,nytimes.com,2026-06-08T15:44:02.860675Z,False,False,6,49,1,2,nytimes.com,2026-06-10T16:23:18+00:00
at://did:plc:eclio37ymobqex2ncko63h4r/app.bsky.feed.post/3mnrxlzookp26,nytimes.com,2026-06-08T15:09:01.315161Z,False,False,2,46,1,1,nytimes.com,2026-06-10T16:23:18+00:00
at://did:plc:eclio37ymobqex2ncko63h4r/app.bsky.feed.post/3mnrvnl7jv62s,nytimes.com,2026-06-08T14:34:05.761941Z,False,False,33,63,18,11,nytimes.com,2026-06-10T16:23:18+00:00
at://did:plc:eclio37ymobqex2ncko63h4r/app.bsky.feed.post/3mnrvgfgnsl2z,nytimes.com,2026-06-08T14:30:04.940903Z,False,False,1,41,0,0,nytimes.com,2026-06-10T16:23:18+00:00
at://did:plc:eclio37ymobqex2ncko63h4r/app.bsky.feed.post/3mnrsmzfdes26,nytimes.com,2026-06-08T13:40:05.968223Z,False,False,13,73,18,2,nytimes.com,2026-06-10T16:23:18+00:00
at://did:plc:eclio37ymobqex2ncko63h4r/app.bsky.feed.post/3mnrsfvif7x23,nytimes.com,2026-06-08T13:36:06.886717Z,False,False,11,62,6,2,nytimes.com,2026-06-10T16:23:18+00:00
at://did:plc:eclio37ymobqex2ncko63h4r/app.bsky.feed.post/3mnrrj65k5n2z,nytimes.com,2026-06-08T13:20:02.993466Z,False,False,6,41,1,0,nytimes.com,2026-06-10T16:23:18+00:00
at://did:plc:eclio37ymobqex2ncko63h4r/app.bsky.feed.post/3mnrqxfbpga2o,nytimes.com,2026-06-08T13:10:06.487041Z,False,False,25,96,19,2,nytimes.com,2026-06-10T16:23:18+00:00
at://did:plc:eclio37ymobqex2ncko63h4r/app.bsky.feed.post/3mnrpbqi6452s,nytimes.com,2026-06-08T12:40:06.299385Z,False,False,2,79,7,1,nytimes.com,2026-06-10T16:23:18+00:00
at://did:plc:eclio37ymobqex2ncko63h4r/app.bsky.feed.post/3mnrogulfcj2s,nytimes.com,2026-06-08T12:25:04.633238Z,False,False,4,61,16,1,nytimes.com,2026-06-10T16:23:18+00:00
at://did:plc:eclio37ymobqex2ncko63h4r/app.bsky.feed.post/3mnrnlztwro2w,nytimes.com,2026-06-08T12:10:04.177750Z,False,False,25,85,14,28,nytimes.com,2026-06-10T16:23:18+00:00
at://did:plc:eclio37ymobqex2ncko63h4r/app.bsky.feed.post/3mnrmrap3tq23,nytimes.com,2026-06-08T11:55:05.388440Z,False,False,8,65,16,2,nytimes.com,2026-06-10T16:23:18+00:00
at://did:plc:eclio37ymobqex2ncko63h4r/app.bsky.feed.post/3mnrl3mouuk2y,nytimes.com,2026-06-08T11:25:06.035668Z,False,False,26,56,12,12,nytimes.com,2026-06-10T16:23:18+00:00
at://did:plc:eclio37ymobqex2ncko63h4r/app.bsky.feed.post/3mnrkarzhor2s,nytimes.com,2026-06-08T11:10:05.651522Z,False,False,4,80,11,0,nytimes.com,2026-06-10T16:23:18+00:00
at://did:plc:eclio37ymobqex2ncko63h4r/app.bsky.feed.post/3mnrjfy2loh2w,nytimes.com,2026-06-08T10:55:05.914456Z,False,False,5,100,3,3,nytimes.com,2026-06-10T16:23:18+00:00
at://did:plc:eclio37ymobqex2ncko63h4r/app.bsky.feed.post/3mnrilbvnbj2q,nytimes.com,2026-06-08T10:40:10.376030Z,False,False,1,40,4,1,nytimes.com,2026-06-10T16:23:18+00:00
at://did:plc:eclio37ymobqex2ncko63h4r/app.bsky.feed.post/3mnrgdpqdfh22,nytimes.com,2026-06-08T10:00:08.978528Z,False,False,21,60,8,6,nytimes.com,2026-06-10T16:23:18+00:00
at://did:plc:eclio37ymobqex2ncko63h4r/app.bsky.feed.post/3mnraojzvm62q,nytimes.com,2026-06-08T08:18:49.622989Z,False,False,2,71,21,0,nytimes.com,2026-06-10T16:23:18+00:00
at://did:plc:eclio37ymobqex2ncko63h4r/app.bsky.feed.post/3mnr6s7o3e42u,nytimes.com,2026-06-08T07:45:05.459217Z,False,False,6,72,14,1,nytimes.com,2026-06-10T16:23:18+00:00
at://did:plc:eclio37ymobqex2ncko63h4r/app.bsky.feed.post/3mnqyayzd752m,nytimes.com,2026-06-08T05:48:05.633134Z,False,False,2,81,28,1,nytimes.com,2026-06-10T16:23:18+00:00
at://did:plc:eclio37ymobqex2ncko63h4r/app.bsky.feed.post/3mnqrf2pamt22,nytimes.com,2026-06-08T03:45:05.374521Z,False,False,3,133,20,3,nytimes.com,2026-06-10T16:23:18+00:00
at://did:plc:eclio37ymobqex2ncko63h4r/app.bsky.feed.post/3mnqqlymgq222,nytimes.com,2026-06-08T03:31:04.377359Z,False,False,6,87,23,6,nytimes.com,2026-06-10T16:23:18+00:00
at://did:plc:eclio37ymobqex2ncko63h4r/app.bsky.feed.post/3mnqpyfet532n,nytimes.com,2026-06-08T03:20:06.668904Z,False,False,3,149,15,4,nytimes.com,2026-06-10T16:23:18+00:00
at://did:plc:eclio37ymobqex2ncko63h4r/app.bsky.feed.post/3mnqp7aybu22s,nytimes.com,2026-06-08T03:06:03.199285Z,False,False,21,87,26,14,nytimes.com,2026-06-10T16:23:18+00:00
at://did:plc:eclio37ymobqex2ncko63h4r/app.bsky.feed.post/3mnqoehohsq2s,nytimes.com,2026-06-08T02:51:04.253193Z,False,False,1,75,26,0,nytimes.com,2026-06-10T16:23:18+00:00
at://did:plc:eclio37ymobqex2ncko63h4r/app.bsky.feed.post/3mnqnzpiwe52i,nytimes.com,2026-06-08T02:45:03.273309Z,False,False,11,106,30,4,nytimes.com,2026-06-10T16:23:18+00:00
at://did:plc:eclio37ymobqex2ncko63h4r/app.bsky.feed.post/3mnqnukqbnj26,nytimes.com,2026-06-08T02:42:10.583539Z,False,False,1,70,34,3,nytimes.com,2026-06-10T16:23:18+00:00
at://did:plc:eclio37ymobqex2ncko63h4r/app.bsky.feed.post/3mnqng3j7no26,nytimes.com,2026-06-08T02:34:04.868037Z,False,False,8,48,8,2,nytimes.com,2026-06-10T16:23:18+00:00
at://did:plc:eclio37ymobqex2ncko63h4r/app.bsky.feed.post/3mnqkogbw5s2n,nytimes.com,2026-06-08T01:45:03.282652Z,False,False,4,114,31,3,nytimes.com,2026-06-10T16:23:18+00:00
at://did:plc:eclio37ymobqex2ncko63h4r/app.bsky.feed.post/3mnqjknlmf32q,nytimes.com,2026-06-08T01:25:03.066937Z,False,False,14,426,56,28,nytimes.com,2026-06-10T16:23:18+00:00
at://did:plc:eclio37ymobqex2ncko63h4r/app.bsky.feed.post/3mnqitjhsda2k,nytimes.com,2026-06-08T01:12:07.000708Z,False,False,5,260,39,4,nytimes.com,2026-06-10T16:23:18+00:00
at://did:plc:eclio37ymobqex2ncko63h4r/app.bsky.feed.post/3mnqhd4a4aq2e,nytimes.com,2026-06-08T00:45:02.395090Z,False,False,13,74,11,5,nytimes.com,2026-06-10T16:23:18+00:00
at://did:plc:eclio37ymobqex2ncko63h4r/app.bsky.feed.post/3mnqfewrtue2m,nytimes.com,2026-06-08T00:10:16.385469Z,False,False,2,48,2,2,nytimes.com,2026-06-10T16:23:18+00:00
at://did:plc:eclio37ymobqex2ncko63h4r/app.bsky.feed.post/3mnqdowt47f2m,nytimes.com,2026-06-07T23:40:04.515704Z,False,False,0,37,1,0,nytimes.com,2026-06-10T16:23:18+00:00
at://did:plc:eclio37ymobqex2ncko63h4r/app.bsky.feed.post/3mnqcu4x5g52y,nytimes.com,2026-06-07T23:25:04.971803Z,False,False,1,43,6,4,nytimes.com,2026-06-10T16:23:18+00:00
at://did:plc:eclio37ymobqex2ncko63h4r/app.bsky.feed.post/3mnqcfpvo4q2n,nytimes.com,2026-06-07T23:17:01.530768Z,False,False,39,122,22,10,nytimes.com,2026-06-10T16:23:18+00:00
at://did:plc:eclio37ymobqex2ncko63h4r/app.bsky.feed.post/3mnqb6nwkhy2f,nytimes.com,2026-06-07T22:55:10.851264Z,False,False,4,34,2,0,nytimes.com,2026-06-10T16:23:18+00:00
